{"mean": 0.05461471148401709, "stdev": 2.5738214092595815}